{"UC-1rx8j9Ggp8mp4uD0ZdEIA": 0.05908968361389307, "UC-vrN89jIox3XqAKbEMeFgQ": 0.4496511966907804, "UC2zrmdd_rWlMc2rAufX9bSg": 0.005191064807678066, "UC6P24bhhCmMPOcujA9PKPTA": 0.029382167717180743, "UC6qhhbnMeoOPFBf-cjUgn3g": 0.0020776828231429015, "UC71x8bBOwIEscxAltguHXMQ": 0.018006160530129704, "UC7sDT8jZ76VLV1u__krUutA": 0.07809192524679014, "UC8P49XCWzrcRVF1kct7BneA": 0.012182287956684823, "UC9DAY2JD9zy9zKA5OtwpNtw": 0.0025261709521047313, "UC9pJs4nFKM9xuW_enR4hHig": 0.012880654846436928, "UCCykQNoqyABmoa3ZoaU93XA": 0.010577577866500144, "UCDp2VWtNgiaTjkhfCvdZmjA": 0.016704309465704382, "UCFfovcqnybrMbIrNjyND-nA": 0.004342173521262372, "UCFhLnzPQFjTtlUuf39emMfg": 0.026333589297701073, "UCHUnLXalwe66kBndfmH5cXA": 0.00012988153865629374, "UCIAegrInVcw19QXmblowt2g": 0.04590280303530079, "UCJF8kAS8VZ-KImRxLcvAs3w": 0.009264699924543155, "UCKMV8axq3zTUmiyXav2Ytew": 0.005030724145576658, "UCMOB6uDg7e-h8OuCw8dK2_Q": 0.12384639083517633, "UCN5mdjo8Odux4PvR297-K4Q": 0.0016303706134543205, "UCN9-Y2E0_fLxtcWAgr89CsQ": 0.015020126482734753, "UCNvn1EEO-ZgN2IHkCLnA1Ng": 0.0024183671285699392, "UCO7o35HtN0bRnCP1y5NNCng": 0.0015690057245845406, "UCTCQA8vgOHhK9hKWsPncy7w": 0.013628969559503748, "UCTMt7iMWa7jy0fNXIktwyLA": 0.1783276888334227, "UCTWiOA2IQyW_QaGv4t2UaCQ": 0.320659553978378, "UCUrJu1fEq7kH9CBXaPH0PGw": 0.002171885983328987, "UCVNNriW_Mc2prgngYZ69T0A": 0.13350344886852172, "UCW6NyJ6oFLPTnx7iGRZXDDg": 0.045041993129273795, "UCWnTC8o8AycL6a2eRrKSdBg": 0.5020984654409051, "UCX894EiI3iOKez6ULmZFlOg": 0.02571312563794833, "UCXLfJIEp91L-fD0gP131IaQ": 0.029307760257058304, "UCZtZ5HkDba6_zM_wpaQn60w": 0.004183595960149921, "UCamfFGyiS8aGLBK4sQ661ew": 0.004810113039719627, "UCcRbWavyHkNsXdfot0yo8zw": 0.01578884149727982, "UCiCnPY--pbn5S8JkJdV2PbQ": 0.10698690155390696, "UCk6Znl7ryh2dKCX5opiu7ng": 0.005988974280595546, "UCkE6ZzUxUY_XMP688ib-RWA": 1.0, "UCl6p6SZMiI966k1ZzdzY9sA": 0.032612960924472745, "UCpJ6Dn01AqjvFVN2EiK72Ag": 0.1988293214775709, "UCpUhcwq3oB7HKvrNeQmxJsg": 0.00032227768833567664, "UCpa2QppVwCuivaWe5qfVY_Q": 0.0027775740349759034, "UCrSvhrtUgpZT3EU0x1Zoy-w": 0.3863334909353211, "UCrUPTKJg_Oe-Bc4aC5CzrEQ": 0.03230074914601759, "UCsD-Qms-AkXDrsU962OicLw": 0.026957000869366223, "UCyp-EzJrdTOd9uNPvmdst-w": 0.39321381453380544}